S,code,bul_s_tn,bul_s_phosphorus,high_prod_exotic_grass,low_prod_grass,latitude,altitude,lake_area,secchi_disk,wcs_chla,wcs_doc,max_depth,forestry,native,distance_to_road
4,25994,0.1564008541996345,0.0472272239574344,0.5822515401223404,-0.8084326938092439,-0.228582359661586,-0.8823384318346731,0.4299674694491897,-0.4416946234501906,-0.20823253765261937,1.180632191638601,-0.8643626874662799,0.14738465556344202,0.2658331213381923,-0.1997966932393083
6,50782,-0.36034020546448065,-1.3601703339990865,1.1430664020964316,-0.6273920309173547,1.1159658089008733,-1.4116126269161582,1.8441042718707628,-1.6053525172768957,2.279754753311096,0.8577677265633539,-1.1612483009508656,0.684501388975746,-0.655351631728195,0.6003215426837846
3,36215,0.6074205608655427,0.4732067607730553,1.1460727151546526,-0.8084326938092439,0.5854392781117228,-0.7450047571393066,0.8801692166098501,-1.51822322480037,1.4355261093457188,1.220952015862861,-1.44128362688915,1.0500189684554362,-1.4432432767091972,-1.398259757032219
1,49200,-0.03974444508840482,-0.777026236248658,0.9794767400501946,0.23865913070277495,1.089965253657997,-1.139809644739041,0.5685578689438251,-1.5799394062077057,0.3429949230375834,1.0124888862557455,-1.1612483009508656,0.11022407996511636,-0.5295466034713998,-0.6057074980757311
2,14422,0.957580843694038,-0.35164748666267,1.1308930045127294,-0.8084326938092439,1.0111442002302384,-0.5596904000294761,-0.09720054351747424,-1.2733787523587947,-0.43170900907182175,1.8995837229481072,-0.18735427263415175,-0.8815885164919353,-0.37523841950481696,-0.2058113500555713
4,49180,-0.28909188730785135,-1.3058101800327566,1.1419531879257867,-0.5557989922514472,1.111018945537992,-1.2903332118495974,1.610754187907483,-1.644293608220675,2.4783967871853023,0.5740898889481962,-1.0013582875110396,0.863840037832471,-0.6004288390683525,0.33369489771584254
4,831,1.1923992434779354,0.7709958254343492,1.17492559826611,0.29634357129651046,0.27260179075436497,-1.0249998878983473,-0.17594339713672977,-0.73780946909331,0.7402789907859962,1.1747190755907813,-0.18735427263415175,-0.26783182512191855,-1.0694009360550645,-1.2165061509650963
4,18951,0.957580843694038,2.0376818670061576,1.1734372128297392,-0.8084326938092439,0.5021348793922944,-0.40493799018166937,-0.649271979061255,-1.145660869012624,1.2865445839400638,0.20234080130241605,-0.2776002612743047,0.9691676201602856,-1.103483133598229,-2.1533817737077983
5,14426,0.957580843694038,0.07278385536176595,1.2000032067341375,-0.8084326938092439,0.9980724224314278,-0.5775976084651006,-1.083045395801958,-0.5389937369475828,-0.33238799213471854,1.5381843821565553,-0.5992114124103869,-0.8815885164919353,-1.4432432767091972,-0.7778135799091385
3,13447,-0.4713985769803586,0.3114587399795902,1.19219193146904,-0.8084326938092439,0.4464806633098798,-0.30406949533561267,-0.6774512684523694,0.17309242850299944,-0.4863355683872285,0.6077461091173779,-0.1395705980097021,0.8271526874551475,-1.4432432767091972,-1.0560667973989608
9,41314,-0.5484128547431101,-1.4742363612977607,1.0158688773103275,0.8019978701280525,1.0888675081419597,-1.1944509326428223,1.377054715473332,-1.5426064572663776,6.451237464669432,0.2980976111648738,-0.7674274834881998,1.2370412491561544,-0.6770323641403866,0.14002160050299242
3,14428,0.8555488111762812,-0.09971844053674551,1.1076021963207634,-0.8084326938092439,1.0020245520135271,-0.3217994014570087,-0.27757508849575696,-0.42037056486418034,0.0946923806948253,1.1747190755907813,0.01005005290848196,-0.8815885164919353,-1.4432432767091972,-0.8147178000079848
1,18933,0.7482550587556567,1.8320984798367153,1.1502153893666542,-0.8084326938092439,0.47988485184914115,-0.59606448469245,-0.04813898463233181,0.3792317675938836,-0.43170900907182175,0.5966596867103481,0.43141906334198854,0.5164728944534361,-1.2086073512614512,-0.9004508203179106
6,22999,0.2553436496014686,-0.18487752548400233,1.1821926970929832,-0.8084326938092439,1.3949029043707604,-1.1146287659500935,0.4373571090368122,-1.3255956042452006,3.3722859396192315,1.054187498037823,-0.45680532485658465,0.5657739771401878,-0.627627096352736,-0.5435479816652631
2,44599,-0.6687474678676674,0.3993631164393736,1.0667473398976888,-0.686592034826232,-1.5659730087915664,-1.224294868376255,0.9531342540795515,-1.145660869012624,0.0946923806948253,0.23530575412818355,-1.7046959506490371,1.4576399063532577,-0.8932025996295069,-0.4934333671827984
1,24415,1.5557997682951226,1.8958313304778116,1.2323664191581931,-0.8084326938092439,1.6548779583681197,-1.1663591866697018,-0.769872257000024,-0.496337079187329,0.3429949230375834,1.087516844242403,-0.7007552311692925,-0.8815885164919353,-1.320284664331543,-0.6572856281079613
1,53707,1.3211553138343537,1.3099982253465166,1.1405587642071473,1.0161292143068066,-1.1080708260777987,0.6010402150187052,0.1290266499643976,0.3469818456371885,-0.2330669751976153,0.1854365933196425,1.071145161755267,-0.23221077925865277,-0.5046952222870363,-0.8509820074701957
2,18934,1.2362510149995394,2.234661741789901,1.0408528093738558,1.4842356119647109,0.4806803216542565,-0.5685763642795851,0.03246708756486623,0.4715889679822205,-0.43170900907182175,0.47804588580443974,0.6863769676577265,0.8931831066193311,-1.061702151534082,-1.4346681232425555
2,50403,1.4806941443619486,1.0696192852858912,0.7136449231131007,-0.4186457483878149,1.362722336545222,-0.7572977394942163,-0.11966578838056352,-0.3645940488721861,0.04503187222627365,1.2038970745609054,-0.30512751657913256,1.663537978731943,-0.30866886548687206,-0.19122116837108488
3,13467,1.4806941443619486,0.3668550721580815,0.6543188075615455,-0.0643269038048204,1.6460994853874875,-0.8331044161289908,0.8727792565240076,-0.11481406245255968,-0.10394965317938112,1.1506640372751282,-0.2378154587239122,1.681052808118497,-1.0480932400717464,-0.12946668739594394
4,36096,0.4589509300808636,0.9909265087942996,1.1879308526150312,-0.8084326938092439,0.589929770836074,-1.0048732947375183,0.7653583183536554,-1.6708234568848148,3.0743228888079215,1.1196494028377406,-1.1270804809872936,0.7600056059454444,-1.4432432767091972,-0.3014850627066111
1,43649,-0.4713985769803586,1.2400317958728768,0.9493962924484888,1.6538327356061768,-1.707639621515733,-1.0459543589828086,-0.11966578838056352,-0.06981615832233884,-0.46398833957638025,0.6295364129353611,-0.26414357336196664,0.8744836533309555,-1.4432432767091972,-1.3330120763076667
4,47579,-1.045655232688589,-0.19944739230687525,0.9906596041086536,1.2153710215251607,-0.68491584694756,-1.516176891550579,1.4426811908829025,-0.8875023815998646,-0.02945889047655373,-0.28387373068672334,-0.6385131285778777,1.2018820225028586,-0.10221163500918522,-0.10855861739205426
3,54742,-1.8864134020859888,-2.641896618221099,0.9899139304338508,0.8275964601629912,-1.7002838516659835,-1.7393847031121088,1.6631717144151046,-1.1551019758355836,-0.4863355683872285,1.0676682372195625,-1.5908718096579837,0.8582489293385476,-0.6009477062553255,0.31738024877160104
2,41293,-0.6279691151396108,-0.3675637393248712,0.5950152756923063,1.0468411842033831,-0.6401508794339448,0.956696425634889,-0.9580908408336292,-0.6022405918446361,-0.4466071616123872,-0.7961146877564116,-1.1612483009508656,-0.8815885164919353,0.1676841940554645,1.1723489929375346
3,36980,1.054790202105352,2.230169648642761,0.9470457392483668,-0.8084326938092439,0.6767942408764673,0.03857495989932114,-0.4945328257118251,-0.2592691223901622,0.5912974653803413,0.321226049332852,0.5341884714491321,1.33235958926485,0.2216415058265588,-0.8815084032496489
4,50345,1.147565246378225,0.5243249206863488,0.1458646049522939,0.7903526091641314,1.3798953604724205,-0.1678656903772023,-0.579544903902576,-0.875849575590087,1.4355261093457188,0.6187040880391326,-0.7446736787896169,1.7393832600066916,-1.4432432767091972,-0.4478547162995752
2,18719,1.4025537837534965,-0.9636555314692306,0.45560699902746943,1.6648792908213907,1.632080729766911,-0.6055200163568554,-0.20191289897701625,0.15441514373408877,-0.07415334809825017,0.9070005960879688,-0.8643626874662799,1.205820394636543,-1.4432432767091972,-1.1408207688355343
3,50269,1.2362510149995394,0.5642986950360144,0.9420572995834564,-0.34260594297131913,1.3197984773926017,-0.5596904000294761,0.18082643565029377,-0.8107166261585214,0.0946923806948253,0.6295364129353611,0.5123973877717296,1.453811806495971,0.09113941382403004,-0.7884046162913392
5,49884,1.6976962716521689,0.02132886979185932,0.8530293911136438,0.08957558799794188,1.3061051506556,-1.090671395178002,0.08174051201193222,-0.8875023815998646,-0.24796512773818075,0.6402457849969574,-1.0940786491305108,1.509173973202497,0.21023036581911375,-0.6245416233234051
2,23682,2.123229905611071,0.660883303993015,1.0611159246238515,-0.7153041329124353,1.6259731427295776,-0.8148728742996894,-0.6311314722770486,-1.9330753717264664,0.6906184823174446,0.4261536335087828,-0.5432094635621807,0.7279942802037196,-0.6230388663473801,-0.7360968220586972
2,23691,1.054790202105352,-0.9417022771865532,0.9735542847152648,1.4237233713063795,1.62867343581726,-0.7572977394942163,0.5243090345060475,0.7131139621751178,-0.43170900907182175,0.6613060557601251,-0.2912595854488162,1.1169541619090924,-0.9405830557799976,-1.2575215372646729
3,14290,0.8450639417096487,0.5040344472489581,1.145469122160046,-0.8084326938092439,0.9120498174442884,0.6174515462859747,0.22763431145513124,0.313942703073281,0.5912974653803413,0.251383915010423,0.6354590182224809,1.2638206330267263,-0.8612460061812429,-0.8215293487010902
2,47859,0.09783743317246547,-0.6058808059484809,0.7800286598439083,1.6357157400675957,-0.6081629114007469,0.8995598552808967,-0.5317740322069875,-1.054445264343883,-0.4863355683872285,-1.5212256029063111,-1.7046959506490371,-0.32198758528964533,-0.0882057749062207,0.22014603627308227
2,50314,1.6280727079654176,0.0472272239574344,-1.16523571071349,0.9051534885304078,1.3583855516137109,-1.3674476694077464,1.0283562905446129,0.3792317675938836,-0.4019127039906908,0.32804628557230364,-0.2776002612743047,1.7359693031666266,-0.183242991248916,1.1155284242523864
1,24511,0.957580843694038,-0.5085951977719567,0.6591881543379363,-0.8084326938092439,1.6830098224294592,-0.7827281206240712,-1.297547300724876,0.15441514373408877,-0.3125237887472979,0.9537168969293516,-0.7224575914665076,1.6851082759230618,-1.4432432767091972,-0.2958893671899242
3,41299,-0.5680578883756799,-0.9438856327091618,-1.1133764155022567,1.6700658680617122,-0.6296222745382236,0.914486709588568,1.0462968228814205,-0.73780946909331,-0.1685083141884982,-0.13301628746245403,-1.0621683930018984,-0.4399982415399918,0.1281089816962569,0.6680904753472512
2,48447,0.8555488111762812,-0.3358645339153655,-1.13006318180192,1.70653486265828,-0.5227265103441354,0.7988734613259242,-0.10831779867535538,0.44150327534035,-0.4466071616123872,-0.1808916190274332,0.2645731949417439,-0.8815885164919353,0.4210964472115911,-1.1036252021292918
1,21871,-0.11991472863597848,-0.627802443122277,0.8712421011541145,-0.8084326938092439,1.3923759213636628,-0.809383263756523,-0.23849885769477353,-0.508394476077017,-0.06918729725139504,0.9070005960879688,-0.3628143184221101,1.388604522727391,-0.47712552191561647,-0.6313024041953962
2,1,-0.836327151362403,-0.7102196962104184,0.931335229971948,0.3307968940539796,0.08370681205778761,-0.6449515818836956,1.4722746388477377,-1.145660869012624,3.02466238033937,-1.5295510664462484,-1.488688298155123,1.0208505669391783,0.20052371792120288,-0.18176138832428024
4,18717,1.6280727079654176,-0.2892922178844484,0.6425612422149279,-0.8084326938092439,1.6049700065155093,-0.5579290542052165,-0.8639885288694775,-0.31094366602463924,-0.3125237887472979,0.5152035804152809,-0.4734506138425649,1.6686068812331172,-1.3383713013152363,-1.140354610974968
2,28543,-1.6048880439111122,-2.2293011725095555,0.8649322356238628,0.9218918057666414,-1.6158113700295254,-1.2729264288755129,0.7945696951533182,-1.482375616301813,0.1940133976319285,0.9687709632462296,-1.7046959506490371,0.33869348017650247,0.3270151540498567,-0.30318139269539457
7,41305,0.3894494989983715,-0.534626625203103,-1.16523571071349,1.6267917438956283,-0.6174733417207202,0.9534377495805888,1.1078304327351591,0.4715889679822205,0.5912974653803413,-0.23110223100588137,0.7258551488978481,-0.7705413769212838,0.7889094434726396,-0.34758142439099793
4,23690,1.8922667673379132,1.0227642484879522,0.5303933642310602,-0.8084326938092439,1.6314336391734443,-0.5685763642795851,-1.6931839437675726,-0.03916598556709281,-0.35721824636899435,0.4905926323996566,-0.08321177037701068,1.7092722550038288,-1.4432432767091972,-0.3367318889942248
1,44391,-0.9287528193167828,0.08543699980242113,1.0589579732570258,-0.3542194018530917,-1.4858652274717024,-1.4116126269161582,1.4657403928212829,-0.9685831956333676,-0.19333856842277403,-0.25715252964664936,-1.1612483009508656,1.4807378282648378,-0.8280357131166532,-0.24259209091852935
2,48669,1.3211553138343537,-2.025714874888716,-1.16523571071349,1.7026857001686333,-0.4525038546126745,0.8194801310402563,0.3205595874552385,0.1354788798736286,-0.43667505991867694,-0.25715252964664936,-0.7674274834881998,-0.8815885164919353,0.30410839879228463,-0.01040423012147435
3,36981,-0.3244469369421099,1.3305416578069578,0.6810689945756409,1.4190088069126716,0.6792637664498068,0.00635494581252834,1.053545471607363,0.9424764102324846,-0.3969466531438357,-0.1808916190274332,1.4978794537106124,1.6123296503331424,-0.1789024111766567,-0.5323922709461222
2,47860,1.147565246378225,-0.4326112395229076,-1.16523571071349,1.728883050288199,-0.5998448558865934,0.95234880511428,-0.04480022434533379,-1.145660869012624,-0.3125237887472979,-0.1808916190274332,-1.0621683930018984,-0.8815885164919353,-0.9315038215622368,0.531020269933723
1,24628,-0.4338005110589266,-0.30468916294729165,-0.5637538039017258,-0.19349914168708665,1.7047926401476574,-1.090671395178002,0.328433769862776,-0.24915918185760064,-0.4168108565312562,1.248662650199541,0.4253305731832918,1.7406447261127107,-0.623786304663305,-0.08306426714557637
1,40188,0.6924818083365115,0.6419336579642121,0.6071951364214232,-0.6101302982915395,0.9806746198356784,0.3872981392480572,1.5348475092966107,-1.054445264343883,-0.24157316678917445,0.3178998712587981,0.35534373561708543,1.5960318160970055,0.3788849413116772,0.1956432719645849
2,50320,0.2553436496014686,0.6228041124397027,-1.16523571071349,1.5964406219304947,1.3664735622929232,-1.4607236591575037,-0.45257719914670086,-0.2094353233701753,-0.35286769126933104,-0.04350505249900847,-0.33351442034830264,1.683578187699343,0.1777920888800614,0.8707513893063681
4,17761,-1.7892667031659697,-2.494102709077732,1.169913144613754,-0.35159623680896734,1.4116770783681418,-0.7211982894473854,-1.2329382666649855,0.6905930435978587,-0.4217769073781114,-0.02230591312267849,0.24972482078942196,1.0956426127229315,-1.1690489332726328,-0.4315468119904902
9,50413,-0.4904216824430466,-1.2044030968497117,0.4904132573933736,0.0840756431175472,1.3586639773563316,-0.5254154518446532,0.1337534862688411,-0.16132040316453078,-0.07415334809825017,0.251383915010423,0.35534373561708543,1.6863773384874672,-0.0803084192852902,0.21731505188971664
5,24633,-0.21994062826588465,-0.5557171976763956,-1.16523571071349,-0.8084326938092439,1.7083077486655616,-1.1146287659500935,-0.23379540914291488,-0.9193937912708856,-0.4863355683872285,0.7967863853732369,0.19566598010174044,1.75038037466978,-1.2702858472389862,-0.15108736723214655
1,19575,-0.5878640366414248,-2.5834187976334566,-1.16523571071349,-0.8084326938092439,1.7154618987844903,-0.3981369315204609,-1.7299128041928282,0.4863823288809235,-0.37636658973022485,0.6187040880391326,-0.49040229559325166,1.750243911775875,-1.0846728003915869,-0.0953673868926155
2,50373,0.8555488111762812,0.28885725301687915,-0.7965928142134983,0.7219739601171825,1.355534769362568,-0.5509353663209486,0.7199504113481275,0.3169181155556285,-0.377082449756415,0.09630998615572234,0.4728675926293371,1.7156300802900477,-0.00299834497433194,0.4633930594596634
1,39225,-0.05555635355244939,0.3338040694219153,0.04756260347877605,0.7520698984101253,-0.28005164297012625,0.06265173243684771,1.154517628917437,-0.19482559385893533,-0.2132027718101947,0.5626004576137005,0.6589864427193681,0.5451144071477759,1.0191522586347577,-0.2522476201395265
12,50371,0.11262162439727114,0.19575918065830017,0.17601874446852753,0.2973209637230132,1.3546204369136123,-0.5423071256627934,-0.7272307617121087,0.1354788798736286,-0.13374595826051208,-0.00154146380914203,-0.17516822824456976,1.683360716302281,-0.06538384205203457,0.1497853786030887
4,40071,0.2553436496014686,-0.18487752548400233,1.0163639294333076,-0.8084326938092439,0.9137339846026732,0.6477448740457905,1.420805991018827,-0.16132040316453078,0.1940133976319285,0.1682389187463362,0.4191985392191091,1.4773029523653578,-0.3522142888611614,-0.3490220284355673
1,54190,-0.5878640366414248,0.3338040694219153,0.8130406743258065,1.4422051886602152,-1.0961919077353974,0.4638859070351468,1.2240981567721605,0.7155927515634092,0.3429949230375834,-0.840750497049521,1.1566373381721138,1.1429197782322436,-0.00627877767478454,-0.5158983848806109
4,12830,-0.7312218384365021,0.6034909877756848,0.9969473841193164,-0.8084326938092439,0.9333155089327124,-1.3674476694077464,-0.07562560594448489,0.05700008937343829,-0.4168108565312562,-0.08727872075503476,0.06719018954314467,-0.8815885164919353,0.1224942616654742,0.6925415597356757
12,41306,-0.3244469369421099,-0.2289259532109648,-1.16523571071349,1.7229634016788795,-0.6216667902710507,0.954525332017596,0.4373571090368122,0.557989742096184,-0.21816882265704984,-0.23110223100588137,0.7258551488978481,0.396493286172684,-0.8767654457842063,-0.6227310873324333
2,11133,-0.3244469369421099,-0.6314814505135153,0.8203473158669515,-0.02732503457252713,0.9657089988114758,0.3261540363320639,1.9749330041783877,-0.06981615832233884,-0.4019127039906908,-0.20569163169641033,0.9164708823079688,1.5128291261053937,-0.01124182465802731,0.8455881207115056
5,50401,-0.6279691151396108,-1.179311205504663,0.586424776927036,-0.3636392097990351,1.3634270691184356,-0.6055200163568554,0.976634647958338,0.9834826763959024,-0.29265958535987724,0.11478460225630024,0.4786281083918887,1.6823652354820553,-0.22442793317686557,0.01521229099176997
3,21918,0.2553436496014686,-1.0752749524091674,0.7847198529044439,1.4033169755544512,1.47140388152766,-0.3914092472407104,0.15897284506533577,1.5744941558924812,-0.1902885645576126,0.23530575412818355,0.4786281083918887,1.5194143666737918,0.13770382272778103,-0.7426686505422323
2,32478,0.2553436496014686,-0.6989897946611939,0.8500296273818043,-0.8084326938092439,0.6994974626765105,0.7167423857514044,-0.9028123356028452,-0.2592691223901622,-0.04435704301711921,-0.25715252964664936,0.6354590182224809,-0.8815885164919353,0.6107642528529141,-0.7395065180652889
2,50151,0.9476014810746982,1.6814550378828357,-1.16523571071349,-0.8084326938092439,1.2650010414999582,-1.1663591866697018,0.853363853837368,0.5607756627691062,-0.00462863624227791,-0.04350505249900847,1.605525118097859,-0.8815885164919353,-0.5043240726932202,-0.4871432655522983
2,50270,0.11262162439727114,-0.4863250360289327,0.6512786688864237,-0.01866773721742665,1.3237210402223731,-0.40493799018166937,0.8648229626795372,0.878440148935333,-0.3075577379004427,0.15073797632907435,0.953096376390376,1.5634470695062463,0.4587928421213307,-0.5949934322080586
3,45819,-0.6687474678676674,-0.7710568201837226,-0.4537638151510497,-0.8084326938092439,1.2406287404321794,-0.769867536081178,-0.2108414710222529,-0.47844105698765993,-0.19333856842277403,0.28277224786300853,0.31462893005893294,-0.8815885164919353,1.2158575834355092,-0.26328243329307766
2,48660,-0.5289266365746295,0.5937644016632826,-0.2303979513598349,1.6302756698598695,-0.4520310815383935,0.8713019596907906,1.1175436950756503,0.8563774908210218,-0.4217769073781114,-0.5968415661406393,0.6112557083358148,-0.8815885164919353,0.4772858966494924,-0.0307194373393208
2,48673,0.8555488111762812,-0.15606753894461034,-1.1649017374580124,1.7153019517238666,-0.4344108033960994,0.8371077249014741,0.03818140154993783,0.5010140212319898,-0.4664713649998079,-0.840750497049521,-0.17516822824456976,-0.8815885164919353,0.12180105378456436,0.1438537556030844
7,54730,0.24147485642318975,1.6523655496959064,0.7479112636384306,0.12292321343737118,0.9749545676617704,0.3261540363320639,1.8406455766992873,0.06505320105895515,-0.10891570402623628,-0.4603575300570613,2.2391949672102887,1.563341219145103,0.05594043910252818,-0.3975751709369612
1,38974,-1.1184876232884575,-0.08588638202394651,0.2921420708017892,0.5817731565122446,-0.29298328310131566,-0.29826702232669683,1.872131212081129,0.878440148935333,-0.4565392633060976,-1.589542893842358,2.201150431059847,0.24904495881214028,0.9936987670945034,0.8219395987494635
2,38955,-0.9287528193167828,-0.14182391996738625,0.5593988137249186,0.06838565042448293,-0.32348206819573677,-0.2868170486891888,1.1363773634596737,0.4715889679822205,0.2436739061004801,-0.33946534660692473,-0.18735427263415175,-0.3930528141032614,0.8798944718544627,-0.27962322704590176
2,47193,0.3894494989983715,1.481732320953092,-0.32184286066225165,1.7308032621032392,-0.7306832994889166,0.9917604873071196,1.4821732676008013,1.17103593637792,-0.4565392633060976,-0.3684105747685636,1.0127417242621248,-0.32638874721293926,-1.302986913359552,-0.42662790643664106
3,48455,0.06797568647863998,-0.7375929488006874,-1.16523571071349,1.6146802426061675,-0.5017094198213209,0.9588621154733454,-0.4945328257118251,1.364998242438444,-0.3054186946840763,-1.8326218641500152,0.2422044686513699,-0.8815885164919353,0.11023645467470704,-0.9660779646409468
4,15325,0.40242112983366407,0.554379805019767,0.4317881958879598,-0.7457197232140659,0.9429272361331876,0.4833519913740727,1.2892676490748347,0.8225703755193288,-0.3025916870535876,-0.3684105747685636,1.138693404200777,1.4524016348393425,0.7033908059028086,-0.8202309613582687
1,48597,-0.5289266365746295,1.1602673152645775,-1.16523571071349,1.6566667574555605,-0.5190093189588375,1.1077450964034403,0.7825581052938554,1.17103593637792,-0.43667505991867694,-0.986640980606421,0.6354590182224809,-0.8815885164919353,0.5047786074923818,-0.5384330636573055
1,15312,-0.6687474678676674,-1.0106462083634662,-0.831004528514898,-0.8084326938092439,0.9379679308254426,0.6076448604982555,0.9895612342080776,0.900136615744543,-0.4267429582249666,-0.02230591312267849,0.9818921347832934,1.5299308067174011,1.0257301173621136,-0.3984906607444788
3,21926,-0.0240409203246467,-0.5878090349289891,1.0064457880893716,-0.8084326938092439,1.47493220128199,-0.3099249979071679,0.2198148842074602,1.364998242438444,-0.4615053141529527,-0.4288095200290916,1.071145161755267,0.09602560130720018,0.22163338749937989,-0.5300810803600237
2,48456,1.054790202105352,-0.3675637393248712,0.3284002135812502,1.4694953408405764,-0.49072880941306146,0.9446877419366148,-0.07562560594448489,0.5855902152745087,-0.4863355683872285,1.2541014241414492,-0.5432094635621807,-0.8815885164919353,0.3602496053711374,-0.04291179881558056
1,48663,-0.5484128547431101,0.9174389839674302,-0.1852530521935001,1.6508138134712518,-0.4388106071019078,0.8543764794383447,0.6188000150575683,0.4715889679822205,-0.4267429582249666,-1.8326218641500152,0.4191985392191091,-0.7898033437194154,0.3374586096575982,-0.8708817965997714
1,48213,-0.3423253924254499,0.8754463103042279,-1.16523571071349,1.6776225486953764,-0.4967889408054017,0.8295979272316093,0.6417142723459494,1.17103593637792,-0.4664713649998079,-1.3807103909224714,1.048284337160006,-0.8815885164919353,0.35126925380390617,0.34150433259187307
4,47892,-0.4904216824430466,0.6702917839124862,-0.04435162554011349,1.5905213909665232,-0.5790550542866363,0.9717443968593348,1.5015138615915558,1.17103593637792,-0.4118448056844011,-1.3233375018523232,1.2476202513588492,-0.504347226126434,0.39160870943376785,-0.3673504871416263
4,39364,-1.069700914576445,-0.6241307443447032,-0.23770881043010136,1.5509626838427752,-0.32796684354537775,0.04206527101970556,0.7247511678509844,0.7155927515634092,-0.3423200938284289,-1.2358128489991649,1.071145161755267,-0.8815885164919353,0.9385312189348322,1.2705212059660005
4,21917,0.2553436496014686,-0.9092643861391362,0.8429279465326311,1.360533918021068,1.473011623213902,-0.3914092472407104,1.121659417129051,2.110849952222685,-0.4466071616123872,-0.6722110449674416,1.2699392699474863,1.4585782177142457,0.14857768496194432,-0.3079332411762966
4,39356,-0.3067030276065494,0.9091090154547816,0.1767975306513819,1.6213604059913058,-0.34368161104136474,0.04553835566013025,1.126242180319839,0.9834826763959024,-0.4217769073781114,-1.3955101310912983,1.141281396256927,-0.8815885164919353,0.6858947431499528,0.4162907706414291
4,54732,-0.41522143685071583,1.6698664343127332,0.4454280383186542,-0.0688183756146529,0.9345051347542876,0.34478901459594213,1.8743150972890164,1.3192046507093789,-0.4565392633060976,-0.4288095200290916,1.909688729808952,1.4722859589736714,0.7462471829315227,-0.4384965983955603
7,54731,-0.5680578883756799,1.2113777073966443,-0.4670013335576224,0.1687023993532021,0.957827186702619,0.3981027643123304,1.6094919355112054,1.2554636021611576,-0.4416411107655321,-0.6722110449674416,1.8598809182394425,1.3525967417517637,1.1036372940454726,0.16672219598900911
4,52566,-1.168228133152509,-0.5878090349289891,-0.5156022713014022,0.7943796664794119,-1.1822483699518225,0.04011283103654348,2.139681344327789,1.205477888357538,-0.4664713649998079,-1.1545235056877223,1.649735346561069,-0.1396278379627851,1.120924170837467,1.2592395729355026
4,54672,-1.2189558606757749,-0.3836157145895257,-0.30119196132809634,1.3333897278359046,-0.9354995978987788,0.23536121062922177,2.08780526982358,1.5200071074578771,-0.4664713649998079,-1.8326218641500152,1.649735346561069,-0.6466239228772958,0.9750577524358304,1.4626079934095668
1,54738,-1.8864134020859888,-0.6799880525391522,-0.5843020300325303,0.892341939076819,-0.3725853512689714,-0.02742671108360828,1.6654556789878945,0.9424764102324846,-0.161689893183715,-1.5212256029063111,2.320922958231229,-0.8815885164919353,1.1602762082238194,-1.609318597670416
3,53532,-1.045655232688589,-0.11365099728186956,-0.4982003037673377,1.2940740774169726,-1.116846545445904,0.4296354254899265,2.126431106676594,1.3346533831768426,-0.43170900907182175,-1.8326218641500152,1.1256275039173025,-0.1199543688240551,0.9446894781071076,-0.33483414792279265
1,47228,-1.9531590506037515,-1.079981715349613,-0.5885758289432834,1.567449470831569,-0.75001947574555,0.9651015891047836,1.999342972797097,0.551596651975095,-0.4863355683872285,-1.4105014082610292,1.180065910774844,-0.35123974390734464,0.2657147943092014,0.06435621976535355
4,54736,-1.8212638087677135,-1.3601703339990865,-0.5952554697303277,1.2102532225936924,-0.9170060039842391,0.3565701171567177,2.0549015182428008,1.4932050040702984,-0.4863355683872285,-1.8326218641500152,1.6011740505550889,-0.7584982941349785,1.0248108923026429,0.7498802243067839
5,45514,-1.8536433276704167,-1.2018778742242688,-0.5189112417600094,1.4101543172224975,-0.8320025521683779,0.6726208567038084,1.9312594532541023,0.5099134669403765,-0.40687875483754593,-1.8326218641500152,1.476153397503302,-0.3931879497524211,0.6791253759974121,0.5386705888382919
5,46564,-1.7576441098061584,-1.4742363612977607,-0.42308045756389273,1.4097067490536737,-0.777764874709862,0.7060847808032606,2.0696177621827347,0.551596651975095,-0.4416411107655321,-1.8326218641500152,1.180065910774844,0.8549401723911315,0.3091282715837135,0.7426363659458901
1,195,-0.07147797319127641,1.1154377456907882,1.160681809043278,-0.8084326938092439,0.09017859624458924,-1.0249998878983473,-1.3927201479596167,-1.010883045336738,0.1940133976319285,1.0940364605287995,-1.1612483009508656,1.2513126891660329,-0.9168296599123356,-0.4138832804580316
3,229,-1.9363192361470989,0.9828896632192496,-0.22892123163395925,-0.7110503339531348,0.0934924574514823,-1.1663591866697018,0.4634165100089541,-0.3911832103798697,-0.11670118807037096,0.23566427291561168,0.07636445598767755,-0.8257997868245409,1.157147093823715,-0.34336094454561356
1,301,-0.9137979328134987,0.3360640003449008,1.199821870549211,-0.8084326938092439,0.14460614153208978,-0.6378551995927189,-0.45257719914670086,-1.3797153752634053,0.1940133976319285,-0.7961146877564116,-1.6461715508775456,0.05060084669441942,-1.180924973750827,-0.856938983465047
3,511,0.29181000311196453,0.4700208257758135,1.148957885668563,-0.3625121144303067,0.11810487438657716,-0.3158345990730724,0.34978132712715765,-1.304487759058029,1.3362050924086155,1.6812955127320053,-1.5908718096579837,-0.4559245894716301,-1.2538102072196795,-0.6496816636148599
5,841,0.9675120212136824,2.5637599276297856,1.0925358888458545,1.4673094205076227,0.27626094287541186,-1.2561485980776466,-0.9028123356028452,-0.8875023815998646,-0.35721824636899435,1.3514844589250947,-1.5908718096579837,1.2222601980563406,-1.4432432767091972,-0.18130763123383703
3,1744,0.6612342940424479,0.47788247271135553,1.2035415631243778,-0.8084326938092439,0.1313807341061437,0.0826560068901442,-0.851506558074866,-1.0023243560006818,0.19879408913613025,1.443396928167007,-1.44128362688915,-0.8676504271177836,-1.4432432767091972,-0.65219398622264535
4,4506,0.2917748057141907,0.43727562128236086,1.2143344643660292,-0.8084326938092439,0.3593169813361358,-0.5089860221360838,-0.9873983509695142,-1.7392558623267993,6.451237464669432,1.5303486176463004,-1.311364600174023,0.6586766485858204,-1.3161396836769368,-1.122027834253492
3,4509,0.9176011325757308,0.9605867344134956,1.1375925294578024,-0.8084326938092439,0.362977975025417,-0.47740925444390175,-1.2754194037019329,-0.6684215303567003,-0.31748983959415306,1.0266039598625467,-1.311364600174023,1.4280178437432178,-1.4432432767091972,-1.6572572588435732
2,5042,0.3012177944295728,0.2152240896650472,1.079493172672585,1.1650860159456855,0.38027577514392313,-1.2903332118495974,-0.0935446256590904,-1.283676038220394,-0.4515732124592424,1.3015876969208804,-1.6461715508775456,1.443571006457636,-1.4171497409265073,0.09077253922280804
5,7512,0.957580843694038,0.3668550721580815,-0.27896969445092795,-0.8084326938092439,0.6199204441306031,0.15453408489367534,-0.18018932884996372,-0.16132040316453078,1.4851866178142703,0.21896088467136535,0.2571807103418206,0.4386186489391767,1.1385229167224418,-1.044964912436923
2,8138,-0.4713985769803586,0.5741687527936786,-1.16523571071349,-0.8084326938092439,-1.0517593246497776,1.6803832651656765,-1.4448333022923932,0.8339365922169423,-0.4664713649998079,0.4905926323996566,0.33522619779376267,-0.8815885164919353,1.1322909251727504,0.5715185572904551
2,12876,-0.5275698093309765,0.17730117000974405,0.7397503937293392,0.6481153064665766,0.9443908510485476,-1.3674476694077464,1.1427193065679762,-0.6684215303567003,-0.1834064667290637,-0.5264172582999137,1.577258449359496e-4,1.4573880251266085,0.338870515097704,-0.12413289602327449
4,13437,0.7654521341934066,1.2758476865792063,1.1569365398669549,1.021924432656622,0.44040832667703866,-0.2068408562624215,-0.780961461812396,-0.9685831956333676,-0.05428914471082956,0.7693678031247285,0.11213545942431602,1.1317746844814187,-1.4432432767091972,-1.3812344115246615
5,13446,0.6436029936702242,0.6903405897894872,1.0981764370567897,-0.11516743390790082,0.44462705726574386,-0.3158345990730724,-0.23849885769477353,-0.9685831956333676,-0.24796512773818075,1.0473704911599755,-0.4734506138425649,0.5043412161237975,-1.4269894676993575,-0.4854072739332849
3,13456,0.7226728466545391,-0.06776236016156655,1.0231345930320257,1.2809469750751938,0.43720371020238663,-0.1773966544041828,-0.3704258076865836,-0.47844105698765993,-0.11871680627115797,0.37528839187477325,-0.7446736787896169,-0.1564431738206871,-0.8394374233272309,-0.7416955418374404
4,13466,0.957580843694038,0.3448825930111973,0.3689838964386162,-0.03825705686231323,1.646743176389471,-0.7711402692083553,-0.769872257000024,-1.61822155923383,0.889260516191651,1.7803633339984275,-1.6461715508775456,1.715395264128018,-0.9651772588295492,-0.3539717447981101
8,13736,0.7381256257404687,-0.06342198313249357,0.6588836365976986,-0.8084326938092439,0.895378924346176,0.2973094349875174,-2.0936844372961425,-1.242909787830356,-0.19830461926962917,1.7323127022140916,0.01983324291218792,1.1471669420822976,-1.4432432767091972,-0.3727343454087452
5,14071,1.8296476909707864,1.1528624703304804,1.205296658716561,-0.8084326938092439,0.9037447409129692,0.7267527422252261,-1.3927201479596167,-0.5389937369475828,0.39265543150613486,0.5272754913220477,-0.04055160346864334,-0.8815885164919353,-1.4432432767091972,-1.2839067576916974
4,14179,0.4661477674504425,1.9628352951028112,1.1000539037874038,0.47191856880057936,0.9023459012841988,0.7051514938340581,0.01789913843148528,0.4715889679822205,-0.2132027718101947,-0.08727872075503476,0.8266281447404061,1.4747564685895225,-1.2180404792941737,-3.527658657425931
3,14208,0.7149680810292147,1.4943834991378724,1.0346256240538865,0.8800086288279002,0.9080715783109432,0.6059987653597317,-0.6222455207793783,-0.9685831956333676,-0.3025916870535876,0.3853163450614689,-0.2122322318062428,1.4676316554804996,-0.6080175327358066,-0.3797798411724987
1,14405,0.4786721771061763,0.5972694602534314,1.200414539778556,-0.8084326938092439,1.0001524593637392,-1.3674476694077464,-0.22913024151173267,-1.242909787830356,0.7899394992545478,0.849299245472407,-0.6385131285778777,-0.8815885164919353,-1.0111980941293826,-0.7756032437310242
3,14407,0.5098759678773471,0.5991283702099781,1.1777295770998957,-0.8084326938092439,0.9978429680572506,-0.769867536081178,-1.3437315210726195,-1.7115111265769871,0.5912974653803413,0.8234162343161853,-1.903831531777056,0.04650822704167384,-1.3227760564337123,-1.5418295041450385
4,14418,0.5058110422093538,2.4443895093332504,1.1910146760236806,-0.8084326938092439,1.0130170966314456,-1.3674476694077464,-0.66792466423995,-1.7392558623267993,1.5845076347513736,1.8202194865734496,-1.488688298155123,-0.8815885164919353,-1.3214416958208617,-0.45973922380657367
7,14720,0.8002226064141409,-0.48038699704255217,0.8270958653586415,-0.8084326938092439,1.0107498257210774,-0.5596904000294761,-1.083045395801958,-1.1176959620665128,-0.05925519555768469,0.2980976111648738,-1.0621683930018984,-0.8815885164919353,-1.0042307163519086,-1.1956609949158874
3,15007,0.6402394882230311,0.3939629731833365,1.2029948904247891,-0.8084326938092439,1.022951768621641,-0.687268536620067,-1.0336812282639871,-1.458945036285772,0.7402789907859962,1.5381843821565553,-1.5908718096579837,-0.8815885164919353,-1.1273426813460357,-0.6080542192363106
1,15013,0.4699471362169996,0.492500365777451,1.151548192014275,-0.8084326938092439,1.0402625271266703,-0.898193980866418,0.36008783725589416,-1.51822322480037,-0.22810092435076015,0.7119786784306843,-0.9168221461031412,0.2828957369782603,-1.441405940742452,-0.8332421872831055
4,15020,0.705411989671308,0.34989404769412247,1.0737333697158684,-0.8084326938092439,1.0388848723829944,-0.7450047571393066,-1.320306997787692,-1.0194922104190765,3.62058848196199,0.8744741185926951,-0.7224575914665076,-0.8217701642051991,-1.4233776021347246,-0.9609994911956284
1,15022,0.11262162439727114,-1.0334615799865785,-1.16523571071349,-0.8084326938092439,1.0320078018721184,-0.7450047571393066,0.5262924431278272,-0.5702661070942281,-0.00462863624227791,0.6077461091173779,-0.49040229559325166,-0.8815885164919353,-0.8934630360112524,-1.4060749945607045
5,15034,0.40838054996773154,0.21299205704243024,1.1951463330253518,-0.8084326938092439,1.0630312808383455,-0.7958945850190041,0.23341575489291455,-1.368732783473608,0.44231593997468654,1.9602499472489192,-0.5432094635621807,-0.8815885164919353,-1.4432432767091972,-0.27708749931565346
4,15037,0.8555488111762812,0.4938113867693291,1.217862090823873,-0.8084326938092439,1.0606922702738242,-0.8373996907136156,0.16783197787571444,-0.6684215303567003,0.7402789907859962,1.485909792695855,-0.2122322318062428,-0.8815885164919353,-1.4432432767091972,-0.7838274532654268
2,15038,0.32625184784632844,0.5991283702099781,1.2253864030155317,-0.8084326938092439,1.0603171372382365,-0.7958945850190041,-0.5166133120259837,-1.6978267865742374,1.1872235670029607,2.0814555704169333,-1.5908718096579837,-0.8815885164919353,-1.4432432767091972,-1.5017577335413843
4,15795,0.00704617398819907,0.3885862577519337,1.1950351090554403,-0.8084326938092439,0.5544530982882889,-0.47740925444390175,-0.8896338995818045,0.44150327534035,0.39265543150613486,0.05830501433408532,-0.44045592061990096,0.8391367285266448,-1.0960506585504337,-0.28035694752854595
1,15904,-0.4215927393136475,0.18186461323317984,1.0034766956970842,0.5255437176362036,0.5333978191638196,-0.5338017387495008,-0.4326169739008832,-0.8875023815998646,-0.13374595826051208,-0.06515644553103533,-0.45680532485658465,1.1299722116933717,-1.4432432767091972,-0.431359352900426
1,15907,-0.6413615279053729,0.3995114314334872,1.1829180269670516,0.7403620656119902,0.5295122570191563,-0.48515073513411144,0.09207183842392912,-1.145660869012624,-0.3075577379004427,-0.4603575300570613,-1.1612483009508656,0.7443322019753214,-1.2868723849442611,-0.588961501837988
6,15929,0.6581650348857144,0.5310359254705362,1.1980872505029354,-0.4939342008611969,0.5164904330834265,-0.5338017387495008,-0.8392422704109631,-1.0368642753412047,1.0879025500658577,0.3853163450614689,-0.40860532660817767,1.078760228846807,-1.4432432767091972,-0.24560866717027732
5,16131,-0.23703780649493308,-0.8585420812013439,0.19506125760300208,1.1951418387718644,0.557655556301155,-0.27001486932644375,0.2790242955588267,-0.773801894201525,0.04503187222627365,0.23530575412818355,0.9498334833642594,1.122500084719965,0.9655186068259756,-0.07999750399214241
1,16202,0.7820695135773428,-0.2649705958230042,-0.02575933343594613,-0.8084326938092439,0.5617245337182328,-0.06700763905748802,-2.0396831256556096,-0.6482436299972637,2.3790757702481993,0.4393912523619549,0.5233627190702617,1.7455687358579888,-1.4432432767091972,-0.9852868361068416
2,16222,0.5287221922848075,-0.13850602623897956,-0.9849753336018784,-0.8084326938092439,0.5627241504460719,-0.09614235367916316,-0.7169758680916964,-0.6022405918446361,-0.10891570402623628,0.4127319152865691,0.6449490428788798,1.6318273823718408,0.8322966318972469,-0.32707903628213647
2,16722,0.957580843694038,0.3668550721580815,1.1943796265028088,-0.8084326938092439,0.4020720174327027,-0.4401082172132653,-2.2116505146368755,-1.0722400537133103,0.14435288916337688,1.2808003034719695,-1.5384705718982037,-0.8815885164919353,-1.4432432767091972,-1.7062250925263565
1,16901,0.957580843694038,-0.3836157145895257,1.036814669750204,1.363596438351364,0.4415713815877181,-1.1944509326428223,-0.5241483797047365,-0.47844105698765993,-0.20823672096333953,0.9612751169327618,-1.311364600174023,1.4915352145928014,-1.2929603995376209,-0.6595435945357412
1,16939,-0.3784932226312344,1.3237161072314698,1.2018818686707535,-0.8084326938092439,0.4615581467019135,-1.0249998878983473,-0.7589594451117971,-1.51822322480037,-0.08408544979196052,1.3318680499197704,-0.580166138322859,0.529537839078029,-1.4432432767091972,-0.5396087592333031
3,17286,1.6976962716521689,0.7530542559411852,1.0936283127111253,-0.8084326938092439,0.540761718574118,0.5098176150598944,-0.7482180674251557,-1.1564256986205916,4.961422210612883,1.365910917738685,-0.8643626874662799,0.1152486432049276,-1.4432432767091972,0.3507238558979071
10,21433,-1.2707059265331333,-0.4326112395229076,0.5317455994707412,-0.8084326938092439,1.7283632928939638,-0.7437901763418321,-0.4007270972787726,0.20969666033690584,-0.3274219412878634,-0.04350505249900847,0.4900337990225101,-0.8815885164919353,0.919809082073767,-0.4373075057098392
3,21434,-0.5919154393749151,-0.5703399078883903,0.3205588111404026,0.0952817261125166,1.7288262864660364,-0.30406949533561267,-0.4132841769363509,0.15441514373408877,-0.47143741584666304,-0.02230591312267849,0.7757499055494315,-0.8815885164919353,0.6190341261467878,0.3628406702863423
2,21450,0.78378182996272,-0.25733152713173035,0.8425665527678756,0.8627355600780495,1.7356789213350368,-1.0846273070454215,-0.45257719914670086,-0.5389937369475828,-0.3274219412878634,0.05830501433408532,-0.8643626874662799,-0.8815885164919353,0.31953004358965387,-0.01629154653860323
3,21759,1.043859261903295,0.278784245143092,1.2259785247556114,-0.8084326938092439,1.423435855325065,-0.7450047571393066,-1.5600042593146357,-0.06981615832233884,-0.27776143281931176,1.1259393767037624,0.2863804175396249,0.05068823355321955,-1.2893251496174232,0.09222923755714006
2,24422,1.8922667673379132,1.760875538274726,0.9753622122936734,0.9121556840209286,1.6609567183383138,-1.371671772157971,0.648333999678619,-0.6684215303567003,-0.13871200910736725,0.849299245472407,-1.352794206769692,0.40265445784152376,0.11793324606595744,-0.01931329821345376
2,24423,1.3211553138343537,1.2612678564509971,1.191622305874768,-0.8084326938092439,1.660626682086458,-1.3802418722902814,0.07912439567576625,-0.7368370982017493,-0.3423200938284289,0.6295364129353611,-1.7046959506490371,-0.06586992519419226,-1.0342289686975124,-1.3039207687786316
3,24434,-0.7524057233230691,-1.946125708925767,-1.16523571071349,-0.8082114563019747,1.740340687068145,-1.2121317693642064,-1.6931839437675726,-0.33481171292557665,-0.47143741584666304,-0.6338674970006565,-1.0013582875110396,-0.5276862782785016,1.1766035888967938,1.0163901901153185
2,24620,0.3829212401853087,-0.12073315711158408,0.6585446923953863,-0.38461893700557137,1.702745364682318,-0.5821603813096867,0.7594385500754212,1.3799026947724389,-0.4416411107655321,0.4524494964692565,0.3215493508981576,1.6643231967532193,-0.2654947891084159,-0.506640045081712
2,24701,0.5158169188868874,0.44189469288519134,-1.16523571071349,-0.8084326938092439,0.15154830660915164,1.4927724765001302,-1.066225756169477,1.3946338166785892,-0.4764034666935182,-0.4603575300570613,0.02950959529039312,-0.8815885164919353,1.1191780374921387,0.37688711275581055
1,24960,-0.0240409203246467,-0.2141295809496604,-1.16523571071349,-0.8084326938092439,0.17053066436981232,1.4507549078929454,0.1722020691924145,2.0249938658047193,-0.47143741584666304,-0.5264172582999137,1.605525118097859,-0.8815885164919353,1.2123222389037136,0.9835860835405652
2,25044,-1.193466440908096,-0.18487752548400233,-1.16523571071349,-0.8084326938092439,0.02570734277051373,1.0384109729723945,0.42118395266300607,0.7401279016166497,-0.40687875483754593,-1.8326218641500152,1.6974695987070063,1.2931206065677558,1.080081257105465,0.04553982122704239
1,25248,-0.13628894456206997,-1.139887095995343,1.178235933609666,-0.8084326938092439,-1.6160603815336965,-1.1321187650885032,-1.988576864188498,-1.7253200863220366,0.640957973848893,1.8174360776451208,0.4786281083918887,-0.8815885164919353,-1.4432432767091972,-0.00718992367123146
4,25519,-0.8834776822501421,-1.0542463296455755,-0.7877033108845002,0.9409830906350812,0.283461235561195,-1.516176891550579,0.7632168160759369,-0.9113549997473188,-0.24796512773818075,0.9537168969293516,-1.5384705718982037,-0.8815885164919353,1.202823148178632,0.5351302966357464
1,25789,-0.20296781940686617,0.25446079009804695,-1.16523571071349,1.6753501726312845,0.32083283104738536,-0.59606448469245,-0.9725972765975616,0.5010140212319898,-0.35721824636899435,-0.04350505249900847,0.4005350630620494,-0.8815885164919353,0.7428499462315779,-1.019900807901624
1,25790,0.11262162439727114,0.6982570620755956,-1.16523571071349,1.6917425344429209,0.32059410290652013,-0.7450047571393066,-0.780961461812396,0.09680120851286957,-0.4118448056844011,0.09630998615572234,0.4553492625878306,-0.8815885164919353,0.6112652716452539,-2.6274035520156143
4,25972,0.771529462561168,0.7255324280533435,1.2179032965463297,-0.8084326938092439,-0.3477061330767809,-0.4473891265041187,-0.1633952645619393,-0.73780946909331,-0.3423200938284289,1.3986651862050472,-1.488688298155123,0.7882562372767129,-1.4432432767091972,-1.3218754999072078
2,26277,0.1585771303237977,0.03210289434822359,-0.00982398000685755,1.7138727932191986,-0.31511883053807627,0.9706781124837638,-1.135878376934489,-0.9274773242204264,1.038242041597306,-0.08727872075503476,0.14650838281087689,1.1420498096393985,-0.2812274391288034,1.4982479884112745
6,27286,-0.20581822839424907,0.569905841388106,-1.16523571071349,1.6504125702786507,-0.15987923116975788,1.1635538131137717,0.6446703181262206,0.9424764102324846,-0.47143741584666304,-1.3445193334891343,1.353440216338815,-0.8815885164919353,0.4016797230114357,1.581241963786611
4,28942,0.2553436496014686,-0.3836157145895257,-1.16523571071349,-0.8084326938092439,-1.4115561767430649,0.7196148696249136,0.4792084114769511,0.08498166072715706,-0.4863355683872285,-0.10989165861996576,1.2476202513588492,-0.8815885164919353,1.2454529558655336,2.373244682025471
2,29073,-0.36034020546448065,-0.7066457968899498,-1.16523571071349,-0.8084326938092439,-1.4043701928457384,0.984439311290866,0.15222185114697911,0.4107278753249201,-0.4863355683872285,-0.20569163169641033,1.3333734931193917,-0.8815885164919353,1.2423195718704931,2.2069432024298363
2,29104,-0.00620808007934383,-0.7710568201837226,-1.16523571071349,-0.8084326938092439,-1.414732246866917,0.9685416268578592,-0.46625092364438386,0.5010140212319898,-0.4863355683872285,-0.4288095200290916,-0.49040229559325166,-0.8815885164919353,1.2425350080125612,1.9245387795845397
31,29250,-0.0240409203246467,2.6623611084102574,-1.16523571071349,-0.8084326938092439,-1.3938147451606075,0.9959167172865656,0.4122195486225795,1.0618013870054577,-0.4863355683872285,-0.986640980606421,1.1256275039173025,-0.8815885164919353,1.238120230678607,1.6127022481287543
4,29541,0.7482550587556567,0.09800823295323394,-1.16523571071349,-0.8084326938092439,-1.3688170504825647,1.1303061930069425,-0.6048276224837376,1.3346533831768426,-0.4863355683872285,-0.4603575300570613,0.923252644121252,-0.8815885164919353,1.2578053776788058,1.9551404863268316
4,29568,0.5158169188868874,-0.4829223255899896,-1.16523571071349,-0.8084326938092439,-1.3641956663994836,1.2650838132311395,-1.5914240729328917,0.7878688583643603,-0.4764034666935182,-0.7119639387602958,0.07636445598767755,-0.8815885164919353,1.257805377659001,1.8962643678873323
8,29596,0.11262162439727114,-0.2289259532109648,-1.16523571071349,-0.8084326938092439,-1.3668753955987247,1.2306114593212791,-0.04813898463233181,0.6651115963213612,-0.4863355683872285,-0.6338674970006565,1.3333734931193917,-0.8815885164919353,1.2578053776887077,1.860714547956159
5,29614,-0.1693889861695788,-0.3675637393248712,-1.16523571071349,-0.8084326938092439,-1.36101599884726,1.0911427880667082,-0.08630576023172339,0.7642147840787541,-0.4863355683872285,-0.4288095200290916,0.7757499055494315,-0.8815885164919353,1.1343557993800368,1.8467772603486985
2,29644,0.2553436496014686,-0.534626625203103,-1.16523571071349,-0.8084326938092439,-1.3797946968797457,1.2448697589236724,0.15222185114697911,1.50667751885183,-0.4863355683872285,-1.0398605293317464,1.2010221883694858,-0.8815885164919353,1.242844018670564,1.911914065022762
4,29917,0.2553436496014686,0.43134686679337614,-1.16523571071349,-0.8084326938092439,-1.3824123981083112,1.0123476418902728,-0.2929342791423845,0.5010140212319898,-0.4863355683872285,0.07748765905117239,0.11213545942431602,-0.8815885164919353,0.9510632142704092,1.4889406794752211
4,29956,-1.5461551840208083,-0.2892922178844484,-1.16523571071349,-0.4940368354303033,-1.3686930286017804,0.4316925310952019,-0.30870714126648025,0.6126299025624651,-0.4863355683872285,-0.840750497049521,0.2114563405953213,-0.8815885164919353,1.1774731147708266,1.4164343908130386
5,30380,-0.3423253924254499,0.19575918065830017,-1.16523571071349,-0.3904335728319517,-1.3363636719264331,0.05585608001274082,0.948784611115949,-0.16132040316453078,-0.4466071616123872,0.3131866884366568,0.2114563405953213,-0.8815885164919353,1.1783000434272934,1.0480923944792675
5,30812,0.0377151002058206,0.4523868709949254,1.0321284762715268,-0.8084326938092439,-1.614934432817449,-1.1321187650885032,-0.14709157874864795,-1.368732783473608,1.1375630585344092,1.6374083580296634,-0.17516822824456976,1.506064174094968,-0.3603182303577921,-0.5401044717546846
10,32805,0.1830737435675427,8.479208482584238e-4,1.2080731656673631,-0.8084326938092439,0.4687774253222099,-0.11774583369547176,1.012647045162567,-1.8109180226515007,-0.4118448056844011,1.3466217713638768,-1.903831531777056,0.5526056439220371,-1.3552705766424995,-0.14605935100265302
14,34599,0.6974380223204465,0.5527578368619918,1.2351302426330837,-0.8084326938092439,0.568435169254212,-0.5509353663209486,-0.8766951951649474,0.5298057270188495,-0.2380330260444705,1.4168381243892756,-0.04055160346864334,-0.8815885164919353,-1.4432432767091972,0.1187827679545512
15,34665,-1.168228133152509,-1.36570015941796,0.824377605096016,1.118101590344107,0.7253905228202312,-1.0249998878983473,1.3963885824192104,-1.8256642039052315,3.62058848196199,0.8661589091147877,-1.352794206769692,1.3972808749351455,-1.1467861604343272,0.15488278762476743
4,35422,-0.18611779178283855,0.8498307690156859,1.1324691240924838,-0.8084326938092439,0.49542794560701087,0.09890668722125096,0.2447714832670391,-0.06981615832233884,-0.01456073793598825,0.251383915010423,-0.7224575914665076,0.6252798230732992,-1.4432432767091972,-0.5628720480184352
20,36285,0.629800672652078,0.46323872553252554,1.2044927996319283,-0.8084326938092439,0.5934024649742294,-0.7450047571393066,-0.0156591046938508,-0.773801894201525,-0.4168108565312562,1.0473704911599755,0.2863804175396249,0.8185868440440416,-1.4432432767091972,-0.00473952394395059
5,36314,0.6421762469212197,0.7039203736460924,1.225472473754495,-0.8084326938092439,0.5886744653834399,-0.7211982894473854,-0.46625092364438386,-0.9685831956333676,-0.4664713649998079,1.850226446075402,-1.5384705718982037,0.22488532391154584,-1.4432432767091972,-2.3317490966363215
5,36343,0.6205070731485296,0.5357020514730247,1.188922152577882,-0.8084326938092439,0.5674981084684598,-0.9313985585380632,-0.769872257000024,-1.6053525172768957,-0.2628632802787463,0.9306579740266816,-1.1612483009508656,1.241690858645526,-1.4432432767091972,0.15935146855181975
11,36741,-0.27857429351253754,0.02230434382313107,-1.16523571071349,-0.8084326938092439,0.6433732008403547,0.9565879995380469,-1.002504947473403,0.8563774908210218,-0.4267429582249666,-1.4105014082610292,0.23461856994289265,1.511132601875019,1.062277517913626,-0.10357459942116272
5,36742,-0.43457244501296854,0.2610972085198217,-1.16523571071349,-0.8084326938092439,0.6438006941954416,0.9558829003631912,-0.6048276224837376,1.0035104871617218,-0.40687875483754593,-1.216531724122738,0.6816006565502262,1.4797639481865623,1.087632612968522,0.03943250046513713
3,36979,0.4786721771061763,-0.43924174802080024,0.8061386451414403,-0.7382588605951994,0.676333306632079,0.0350672347656007,-1.3437315210726195,-0.8973122744181211,1.5845076347513736,0.7877366625836428,0.845395025013104,1.584660154209712,-0.00798237363112102,-0.679666760440364
4,37529,-0.5121305106306443,-0.18487752548400233,1.1464663578251433,-0.8084326938092439,0.7514258970558844,0.5757782073121052,-0.5473050234337997,-0.11481406245255968,-0.29265958535987724,-0.08727872075503476,1.5301840753867697,-0.8815885164919353,-0.24826994294455865,-1.2683685006702172
2,37530,-1.460433298798317,-1.2792477170532792,0.9335010126680784,1.293713017945347,0.7504952331232952,0.4275728395474499,-0.22913024151173267,-0.16132040316453078,-0.24796512773818075,-0.28387373068672334,0.5448780327004241,0.7063835143719747,0.2687953091656255,-2.964138171751154
3,37534,-1.2969758056285818,-1.2018778742242688,0.917235650490738,1.2222084218846874,0.7502587187360928,0.34478901459594213,0.4373571090368122,0.2800764172615166,-0.4267429582249666,-0.6722110449674416,1.0424672542042888,0.6825859643239919,0.33573760988233936,-1.6419262032649045
7,38421,0.11262162439727114,0.5142054378820129,-0.6853083301083134,1.0852011910290429,-0.35326680480725536,-1.1663591866697018,1.3405831406155098,-0.31094366602463924,-0.3274219412878634,0.6819048786866249,0.17958496366271995,1.5219835798566488,0.929104724254592,-0.0720447767727143
4,38502,-0.7872523653775291,0.3065259308805388,-0.30773926043928346,-0.6024804876118942,-0.36774288196706706,-0.21695510704789508,1.6808385762978435,0.700914718006175,-0.18639992324372673,-0.9358462370507588,2.593225444176614,-0.8815885164919353,1.2027786367236637,-0.2923983446033232
2,38664,0.635200884354782,0.43134686679337614,-0.18848889006878233,1.346292168917792,-0.293272514580059,-0.275567146287113,0.9334134589593884,-0.00918117227988797,-0.3870145514501253,0.07748765905117239,0.08544428506969695,-0.5379873284464178,0.9259377806270288,0.19288993712483649
9,38665,-0.20296781940686617,0.1229094298413361,0.09917379277042492,0.25565217650752897,-0.29018245839120593,-0.2018414319415766,0.980057914928271,-0.1996785155460108,-0.43667505991867694,0.3853163450614689,0.7877705006991099,-0.8815885164919353,1.0794437625503135,-0.24456836659976752
13,39050,-1.168228133152509,-0.4161368665836342,-1.16523571071349,-0.8084326938092439,-0.3496288127967429,0.5977174753711613,0.31254719283284743,0.23119598914970715,-0.24796512773818075,-0.4603575300570613,0.8887709184714327,-0.8815885164919353,1.257805377659001,1.4076517753802071
6,39191,0.3894494989983715,0.3338040694219153,-1.16523571071349,-0.8084326938092439,-0.314711887785559,1.4153719174084556,-0.40697330800566905,1.2390178805482557,-0.4863355683872285,-1.4885034150109753,1.0851130779118874,-0.8815885164919353,1.2578053776490994,1.2818053056084269
5,39297,-0.7524057233230691,-0.01818114342445152,-0.7674814491593381,-0.8084326938092439,-0.33325676519352065,0.9865373287463682,0.5331602787694328,0.8563774908210218,-0.4168108565312562,-1.2488503246264555,1.1256275039173025,-0.8815885164919353,1.2442672287038183,1.315380746219026
5,39357,-0.3709850700032141,0.3179954433470211,0.4169409519626153,1.6128532034173484,-0.34199198734052544,0.04553835566013025,0.8743484577536057,0.17309242850299944,-0.05428914471082956,-0.7961146877564116,0.9164708823079688,-0.06993497094875763,0.3617492434878637,-0.00769554975391573
4,39367,1.3211553138343537,-0.2438384185505032,-1.16523571071349,-0.8084326938092439,-0.3150825002620649,0.9621005820871658,-0.4945328257118251,0.05700008937343829,-0.29265958535987724,0.1329234752402644,-0.31921028978330585,-0.8815885164919353,1.257805377659001,1.4989824268487673
11,39621,0.2553436496014686,-0.14182391996738625,-1.16523571071349,-0.5373042818351104,-0.24171929696431263,0.2824607518932852,1.4113744626935256,-0.37557415948665657,-0.3870145514501253,0.5391966091971049,0.4191985392191091,1.4245983855393327,0.9716503090423686,0.71975756976623
5,40521,-0.6413615279053729,0.1547609549853508,1.2020397478131493,-0.17799517586305005,0.7940996994876749,0.37191104437042927,-0.5394922369265214,-0.8875023815998646,0.44231593997468654,-0.49287413808112385,-0.31921028978330585,-0.12081758155308432,-1.0720518310226848,-1.070043271713867
2,40534,1.4806941443619486,0.83257352709347765,1.1830792503933436,-0.8084326938092439,0.7941842286157528,0.34478901459594213,-0.4261047525465168,-0.8107166261585214,0.04503187222627365,0.5509704620244139,0.44942913838075066,-0.8815885164919353,-0.5858850084012941,-0.4230575866361189
6,40535,0.7647872132721185,0.7314203888684117,1.2263745985376011,-0.8084326938092439,0.7957013996114917,0.3401730789975196,-0.9299210658044044,-0.9274773242204264,5.954632379983916,0.09630998615572234,-0.7224575914665076,-0.8815885164919353,-1.1321014568740917,-2.2363955688369788
4,40554,0.4313963709567494,0.5442124715364213,1.05079307562139,-0.8084326938092439,0.7990268258531295,0.4275728395474499,-0.769872257000024,-1.458945036285772,0.0946923806948253,0.03874876087123456,0.33522619779376267,1.4516914060234845,-0.4174716194333542,0.11397467304594729
7,40590,0.5523610485988095,0.6551746705829238,1.198573492807244,-0.8084326938092439,0.7990815512364229,0.3696873872582778,-0.5091669214888213,0.24534230697687984,-0.4466071616123872,0.2980976111648738,0.3684993877678106,-0.8815885164919353,-0.7175408534525197,0.06774037671549489
5,41679,-1.5172703347418506,0.07278385536176595,-1.16523571071349,-0.8084326938092439,-0.7474213881012849,1.2353887912529953,-0.4945328257118251,0.5855902152745087,-0.4863355683872285,-1.3588599322791357,0.2863804175396249,-0.8815885164919353,1.0730399091709284,0.622047127442391
6,44746,0.8143922196604867,0.41279015954156406,1.042364455062239,-0.8084326938092439,-1.440317756790831,-2.0728212381143205,-0.06170644347900863,-0.9685831956333676,0.1262507681954544,0.5391966091971049,-1.5908718096579837,0.940071992611222,-0.6042827519345753,-1.272629707121289
4,44747,-0.6482728890885033,0.3114587399795902,1.0925903557746146,-0.31052446788844734,-1.3279173880974606,-2.0728212381143205,-0.480231938800409,-1.193483759997354,0.1940133976319285,-0.1808916190274332,-1.7668286735638268,1.410255890224964,-1.1857752653332254,-1.0443817619964049
8,45434,-0.2716117723911558,0.14749614526418817,-1.16523571071349,-0.8084326938092439,-0.8508942965647102,1.587202656666221,-0.8896338995818045,1.609544059817973,-0.4565392633060976,-1.8326218641500152,0.7258551488978481,-0.8815885164919353,0.9936936288501548,1.2376775886417926
11,45472,0.3894494989983715,-0.4326112395229076,-1.16523571071349,-0.8084326938092439,-0.8512431358513944,1.6089178090424965,-0.23379540914291488,0.7642147840787541,-0.4416411107655321,-1.3516673513780355,0.2863804175396249,-0.8815885164919353,1.0080935744758306,1.2365465444613075
3,45686,0.5158169188868874,-0.8795043654166845,-1.16523571071349,-0.8084326938092439,-0.5599628910177803,0.43986677940137625,0.25949974220512884,-0.16132040316453078,-0.4664713649998079,0.3131866884366568,0.44942913838075066,-0.8815885164919353,1.0526323046538184,0.13005102918971292
40,46051,0.5158169188868874,1.316868347939251,-1.16523571071349,-0.8084326938092439,-1.1965836760394923,1.254254281467179,0.4135115054233799,1.609544059817973,-0.4168108565312562,-0.840750497049521,1.5520262894080743,-0.8815885164919353,1.256781366541134,2.0633095806756976
5,46212,-1.2969758056285818,0.06004765364966417,-1.16523571071349,-0.8084326938092439,-0.7409885363033089,0.9007173106809518,0.6311877349141966,0.18049234075916784,-0.4863355683872285,-1.8326218641500152,1.3921087740659852,-0.8815885164919353,1.1475066347052496,0.9040606924580274
4,46484,-0.8834776822501421,0.03432137012536097,-1.16523571071349,-0.8084326938092439,-0.7633380431004521,1.4824384425368209,-0.40697330800566905,2.1894694376302577,-0.4863355683872285,-1.0957339153938386,1.0424672542042888,-0.8815885164919353,0.4723505473893784,0.984795397117576
20,46493,-1.1184876232884575,-1.6939270720843944,-1.16523571071349,-0.8084326938092439,-0.7565243377854289,1.7498897909734563,-1.4448333022923932,0.6651115963213612,-0.4615053141529527,-1.8326218641500152,-0.5252697229183524,-0.8815885164919353,-0.643085402952817,1.1367979117447684
2,46494,-1.5461551840208083,-0.6989897946611939,-1.16523571071349,-0.8084326938092439,-0.7498348895861271,1.729155098455751,-2.0936844372961425,0.5010140212319898,-0.4863355683872285,-1.5212256029063111,-0.6385131285778777,-0.8815885164919353,-0.01303825562079816,1.1458768634249052
3,46496,-0.50959698144508,-0.9438856327091618,-1.16523571071349,-0.8084326938092439,-0.7582034567276371,1.682380270867032,-1.850127961090262,0.6651115963213612,-0.4863355683872285,0.01880487304672331,-0.5252697229183524,-0.8815885164919353,0.1980966751355781,1.0507919212740582
8,46723,-1.726388359562416,-0.3675637393248712,-1.0196036719448416,-0.5165728703134114,-0.6618163516857444,-1.224294868376255,1.1816458677973654,-1.054445264343883,-0.4863355683872285,-0.753227627258747,1.2476202513588492,-0.8815885164919353,1.2295530297543429,-0.19367931482038225
9,46725,-1.193466440908096,0.32266303725846085,-1.16523571071349,-0.8084326938092439,-0.6573476403763578,-1.0678148280015982,1.3962048656874904,0.09680120851286957,-0.38204850060327017,-0.753227627258747,1.5301840753867697,-0.8815885164919353,1.2524743805757204,0.6754389827494001
3,46774,-0.9060125289488656,0.660883303993015,-1.16523571071349,-0.8084326938092439,-0.6302142597177336,1.3981776731872149,-0.4945328257118251,1.50667751885183,-0.4466071616123872,-1.4105014082610292,1.0127417242621248,-0.8815885164919353,1.2578053776391969,1.337897997751713
10,46775,-1.8212638087677135,-0.18487752548400233,-1.16523571071349,-0.8084326938092439,-0.630179949881631,1.41994860878661,0.06313844207536072,1.205477888357538,-0.4863355683872285,-1.8326218641500152,1.3148688674788374,-0.8815885164919353,1.2159624425723057,1.3066799447112178
7,46954,0.957580843694038,-1.079981715349613,-1.16523571071349,-0.8084326938092439,-0.5126980546237788,-0.2645098411788882,0.5756325793893924,-0.31094366602463924,-0.4217769073781114,0.21896088467136535,0.6306736135872997,-0.8815885164919353,1.1919943541653222,1.0138641194872693
9,46959,-1.4048010555371258,-0.320212523975523,0.0392355912114506,-0.8084326938092439,-0.5160433477780193,-0.59606448469245,1.5645425827466777,0.5298057270188495,-0.35225219552213916,-0.28387373068672334,1.647446362283744,-0.8209131682633393,1.125074552917681,-0.4296081604608783
8,47198,-0.18611779178283855,-0.6241307443447032,-0.34020725835738896,1.7309585585629563,-0.7303481296285333,0.9907183437427776,0.346792708730367,1.042661261375975,-0.4466071616123872,-0.10989165861996576,0.24972482078942196,-0.3448689514817915,-1.3082266639717404,-0.7567224330709253
5,47225,1.6976962716521689,0.8412203856014965,-1.16523571071349,1.7367632757491054,-0.7122032984862806,1.0799009608776549,-0.8896338995818045,0.5010140212319898,-0.3919806022969805,0.05830501433408532,-0.25088380078496353,-0.8815885164919353,-1.4432432767091972,0.3327537778807214
6,47252,1.6976962716521689,0.21945120702606472,-1.16523571071349,1.7367632757491054,-0.7093489144578969,1.0314692576712088,-0.7482180674251557,-1.242909787830356,-0.38204850060327017,0.9306579740266816,-1.031282127238899,-0.8815885164919353,-1.4432432767091972,0.20129152089965105
6,47491,-1.193466440908096,0.53439344844655845,-0.693813875710934,-0.8084326938092439,-0.4369180991245464,-1.327256453377358,1.3938650054445636,0.313942703073281,-0.3075577379004427,-1.0957339153938386,1.0127417242621248,1.060760146026389,1.1714147394710055,0.46570891027864697
2,48216,0.01070254411419765,-0.5927269582739705,-1.16523571071349,1.665332236636314,-0.4933374354466682,0.8333611424771755,-1.135878376934489,0.05700008937343829,-0.40687875483754593,-0.7961146877564116,-0.9441776851153952,-0.8815885164919353,0.4724686486010363,0.2714038470902238
3,49176,0.4246547459943688,0.21531342603284315,1.13121074011154,0.6408678915827558,1.0960699558534093,-1.375936222940242,-0.7068744588796987,-1.5061785469146554,0.4919764484432382,1.4477445500629096,-1.1966642933338578,0.6707688742099701,-1.318413126725651,-0.33062072597494846
5,49186,0.04620134052245096,-0.17593817070295176,1.202144990518858,-0.5786764141617086,1.1056487924104983,-1.3674476694077464,1.2360959781222944,-1.6842649256004552,0.4919764484432382,1.248662650199541,-0.8643626874662799,0.3194268286862942,-1.0863996324973355,0.31870132034987875
2,49294,0.7326752782006322,0.976068504645624,1.2351302426330837,-0.8084326938092439,1.1537282659566668,-0.19687963203762643,-1.212529736504521,-0.6349480840800563,1.2865445839400638,0.3426829237715054,0.2114563405953213,-0.8815885164919353,-1.4432432767091972,-1.5617139709503058
2,49295,0.6241200045439451,0.6724855002894552,1.2083193314844394,-0.8084326938092439,1.1528508252438567,-0.2868170486891888,-0.8896338995818045,0.7642147840787541,-0.2330669751976153,0.251383915010423,-0.22493328572550728,-0.8815885164919353,-1.4432432767091972,-0.531343157033809
6,50335,-0.11991472863597848,-1.0565706891600877,-0.7140092248425293,-0.07753516970873432,1.3711816245435793,-1.246686669474559,-1.5600042593146357,0.17309242850299944,-0.4565392633060976,-0.25715252964664936,-0.580166138322859,1.751829047530759,-1.4149503479662728,0.9278892210925316
12,50704,-0.6090349448326338,0.5412779716348063,-1.16523571071349,-0.8084326938092439,-1.1555206447232516,1.725840745304459,-0.04813898463233181,2.068257599525544,-0.4863355683872285,-1.448849179436759,1.647446362283744,-0.8815885164919353,-0.01982885150222969,1.0682433759082517
8,50710,-0.3930041036162955,0.37768083752201986,-1.16523571071349,-0.8084326938092439,-1.1597596223621292,1.6918121039217813,-1.2538925943170538,1.423591256744391,-0.4466071616123872,-1.8326218641500152,1.577258449359496e-4,-0.8815885164919353,1.0307795946385003,1.3003828653374867
12,50722,-0.4681418245038083,0.34204940427110564,-1.16523571071349,-0.8084326938092439,-1.1422185368050413,1.6559288904338398,-2.0936844372961425,1.349916502620245,-0.4515732124592424,-1.8326218641500152,0.7877705006991099,-0.8815885164919353,-1.031627445188859,1.1127080169713564
15,51754,1.054790202105352,0.28885725301687915,-1.16523571071349,-0.8084326938092439,-1.2811742705020106,1.2042934311409208,-0.15927438099649327,1.437824864626699,-0.4664713649998079,-0.6722110449674416,2.0172644376684152,-0.8815885164919353,1.2376973158638318,0.5849288089599246
14,51827,-0.15979215086368606,-0.19907556620420047,-1.16523571071349,-0.8084326938092439,-1.2878127006446507,1.0838517104050025,-0.34723642334293187,0.6905930435978587,-0.4863355683872285,-0.10989165861996576,0.7085386127240816,-0.8815885164919353,1.257805377659001,0.494258693158139
8,51931,1.6976962716521689,-0.6076977207383791,0.9459866999391388,-0.8084326938092439,-1.3197069883162074,0.24661962632143983,-1.5297014669951574,-0.8107166261585214,0.04503187222627365,0.07748765905117239,-0.1997074473349861,0.569244974888056,-1.4432432767091972,-0.5097406403198593
4,51958,-0.08751065491069691,-1.2145401240912272,-1.16523571071349,-0.8084326938092439,-1.2838038460537335,0.4171765760997788,-0.2528446076311939,0.313942703073281,-0.47143741584666304,0.35710285505921935,1.1515511207910327,-0.8815885164919353,1.257805377659001,1.388472791478706
23,52064,0.8534839619918422,0.53439344844655845,0.8403758002233785,-0.8084326938092439,-1.2786800641499112,0.3401730789975196,-1.4721764437369604,-0.06981615832233884,-0.377082449756415,0.1854365933196425,-0.30512751657913256,0.6908228291072741,-1.4432432767091972,-0.7780454744836808
2,52065,2.0681998780024404,-0.5699117645314851,0.9831761055283018,-0.8084326938092439,-1.2634738584933451,0.1922044808376377,-1.297547300724876,0.4863823288809235,-0.48335593787911546,0.21896088467136535,0.49567995699244016,1.4288723644116743,-1.4432432767091972,-1.5378346256254911
10,52115,1.7648372265048409,0.14749614526418817,0.6759393854959057,-0.8084326938092439,-1.2786495436496914,0.12105395782223836,0.20378171811333176,-0.3645940488721861,-0.24796512773818075,0.26720349129547116,-0.8391815768605617,0.6869150152790054,0.5484582592315401,0.3141482246744934
4,52117,0.906336882506771,1.1154377456907882,0.6412470346643883,1.5445088830268003,-1.271885900259781,0.544372225980944,-0.5962901326318617,-1.0039920195264964,0.2436739061004801,0.7020610351663698,-1.903831531777056,1.0529203725934997,0.18963384513592624,0.0807937116169172
8,52167,-0.5289266365746295,0.07278385536176595,-1.16523571071349,-0.8084326938092439,-1.2285024212020663,0.5943809603593233,-0.10458682677200525,1.3035659240328483,-0.4863355683872285,-0.5264172582999137,0.845395025013104,-0.8815885164919353,1.2316157811485584,1.7868535223982511
7,52177,-0.5289266365746295,-0.6611803919677344,-1.16523571071349,-0.8084326938092439,-1.2314414354651273,1.0153945542020126,-0.459376408389007,0.6391302715657124,-0.4863355683872285,-0.7119639387602958,0.9366505970984048,-0.8815885164919353,1.1527216040083477,1.877103099938889
6,52181,-0.9748631265976933,-1.2792477170532792,-1.16523571071349,-0.8084326938092439,-1.224591318475993,1.0608439112783712,-0.13125322494850836,0.7155927515634092,-0.4863355683872285,-0.840750497049521,1.071145161755267,-0.8815885164919353,1.1691106131602842,1.938080520560723
7,52268,0.11262162439727114,-0.5172319753927452,-1.16523571071349,-0.8084326938092439,-1.2097027822851336,1.1780419428434898,-0.28776955136497157,1.409195435969588,-0.484845753133172,-0.6338674970006565,0.7757499055494315,-0.8815885164919353,1.070023695281444,2.025680709774843
11,52269,-0.4904216824430466,0.18380473022072857,-1.16523571071349,-0.8084326938092439,-1.2070577730499734,1.1814176416702562,-0.10088117702016758,1.409195435969588,-0.4739204412700906,-0.8872752262241547,0.9498334833642594,-0.8815885164919353,1.0179524797919834,2.042968919426442
16,52380,-0.2716117723911558,-0.11365099728186956,-1.16523571071349,-0.8084326938092439,-1.2166148866064566,0.9064813411157606,-0.25770696065294546,1.17103593637792,-0.4863355683872285,-0.840750497049521,0.02950959529039312,-0.8815885164919353,1.116182993297067,2.0438379389805355
3,52475,-0.00844447469144925,0.4100817281785212,-1.16523571071349,-0.8084326938092439,-1.2124741504155472,1.1531859048422983,0.30603481280384587,1.0522562844747587,-0.4863355683872285,-0.33946534660692473,0.4786281083918887,-0.8815885164919353,1.2499466946042783,1.4225060671149896
3,52487,1.7648372265048409,0.3885862577519337,0.9560689935921728,-0.8084326938092439,-1.2321531651721394,0.5023464150539664,-1.7299128041928282,-0.8107166261585214,-0.04932309386397434,0.4127319152865691,-0.2378154587239122,-0.8815885164919353,0.417863843967106,-0.01391209894392508
9,53145,-1.726388359562416,-0.5504220787181698,-1.16523571071349,-0.8084326938092439,-1.2131045000316572,1.1356377901076329,-0.14308930283579474,0.313942703073281,-0.4863355683872285,-0.6722110449674416,0.6112557083358148,-0.8815885164919353,1.1224186496408812,1.487671946018843
10,53163,0.7482550587556567,-0.320212523975523,-1.16523571071349,1.6758870709586002,-1.19360560827127,0.966399895412888,-0.4326169739008832,0.6126299025624651,-0.4168108565312562,0.1682389187463362,0.37500264441582104,-0.8815885164919353,0.5366769688400286,0.17477852270640615
3,53300,-0.9287528193167828,-0.4660011375265691,-1.16523571071349,-0.8084326938092439,-1.2808670098471413,1.4912717866266991,0.04383311880088841,0.757817210676183,-0.4267429582249666,-0.10989165861996576,1.0797469600847216,-0.8815885164919353,1.2444712708434371,1.5788937565716827
10,53304,-0.30126139184920897,-0.2583941105947305,-1.16523571071349,-0.8084326938092439,-1.2806283453669003,1.450950680853531,0.4470172340397303,0.8267455385808171,-0.4416411107655321,-0.1808916190274332,1.1707006713747297,-0.8815885164919353,1.2168867901582547,1.5440084397077167
5,53315,-0.2788262603489563,0.0491070715134221,-1.16523571071349,-0.8084326938092439,-1.2715220890314731,1.5650708541059235,-0.8392422704109631,1.510281453526548,-0.4466071616123872,-0.7119639387602958,0.7166993765576772,-0.8815885164919353,1.2092051257138583,1.549036049110875
17,53338,-0.8834776822501421,-0.19944739230687525,-1.16523571071349,1.4875902884102583,-1.2168004124109733,0.8674627698764279,1.036985841626613,1.5719525829566767,-0.4863355683872285,-0.3981768789006957,1.4107552928979117,-0.8815885164919353,0.7479314281664441,0.4025513505754041
3,53392,-1.4048010555371258,-0.6314814505135153,-1.16523571071349,-0.8084326938092439,-1.2103144495688938,1.1213495218083789,-0.38236480678469914,-0.14720434155371745,-0.4863355683872285,-0.8872752262241547,0.4786281083918887,-0.8815885164919353,1.1263024961759578,1.487299238936786
5,53401,0.5158169188868874,0.7349526692908369,-1.16523571071349,-0.8084326938092439,-1.1677689958371498,1.4054900981493883,-0.2063596233795414,1.17103593637792,-0.4863355683872285,-1.0398605293317464,1.0739580483073128,-0.8815885164919353,0.8268414862856217,1.5927705966496464
6,53402,-0.4525255456396984,1.8641982801364911,-1.16523571071349,-0.8084326938092439,-1.1642462291161884,1.4054900981493883,0.12185101585163252,1.7272395982168287,-0.48335593787911546,-0.6722110449674416,1.5612027386584768,-0.8815885164919353,0.9277220027742814,1.577133864404481
3,53547,-0.4681418245038083,0.4509646284476383,-1.16523571071349,-0.8084326938092439,-1.1131419918771217,1.6287620508419798,-0.9299210658044044,1.479586592517902,-0.43667505991867694,-1.0957339153938386,0.36194666189444674,-0.8815885164919353,0.7687159667320984,0.38463929887114023
26,53548,-0.18087926914960736,-0.25885996889101487,0.01473774007753949,1.6967074186448112,-1.114988708128814,0.70806451521621006,-1.3678564435992182,0.557989742096184,-0.2876935345130221,-1.4566728447748962,-0.5076714406941415,1.2920377820037556,0.15703616577420249,-1.2625194853406945
14,53549,-0.3028875822393109,0.7493297403852989,0.25690115236364186,1.645591722695206,-1.105746780361098,0.7896970138566337,0.7439216869517944,1.2636077153773562,-0.35721824636899435,-1.2229226089153384,1.395873519353334,0.7386495145127147,0.5627165317429864,0.06765285723221282
4,53683,-0.6368739439929222,0.5313717703611027,-1.16523571071349,-0.8084326938092439,-1.1708356695960986,1.6997698692015262,-1.0497757977137967,1.7494963824696417,-0.43170900907182175,-1.330354915526586,1.07676121897574,-0.8815885164919353,1.148666248012676,1.118612444943048
23,53717,-0.4681418245038083,0.3697505927707571,-1.16523571071349,-0.8084326938092439,-1.1335456292687265,0.6092876031756836,-1.002504947473403,1.9892377257415657,-0.4515732124592424,-1.8326218641500152,0.39422267838537034,-0.8815885164919353,0.8184101576063249,0.657817647837689
6,53730,-0.4525255456396984,0.5741687527936786,-1.16523571071349,-0.8084326938092439,-1.1284260390857814,1.7419289067306354,-0.3194622006199559,2.110029070629741,-0.4863355683872285,-1.8326218641500152,1.224660061928063,-0.8815885164919353,0.5787245795574908,0.12688217732598234
18,53753,-0.4476578094022571,-0.33464096950219174,-1.16523571071349,-0.8084326938092439,-1.1726346083801138,1.742868733321944,-1.850127961090262,0.7878688583643603,-0.4466071616123872,-1.5129588784211097,-0.3778246762987031,-0.8815885164919353,1.0842426378675458,1.2289320132612431
14,54025,-0.8022292232707373,-0.2275636224328383,-1.16523571071349,-0.03387668876779892,-1.0205359848185445,1.1590842319753192,0.05769645189791565,0.9498779354483864,-0.4515732124592424,-1.4804639966795925,1.106715765671512,-0.8815885164919353,1.100422980441738,1.0713172247553149
3,54038,-0.5542385700497237,-0.580270731406897,-1.16523571071349,-0.8084326938092439,-1.0921866346747755,1.1195474475384122,-2.2116505146368755,-0.02623550197113055,-0.43170900907182175,-0.8872752262241547,-0.8643626874662799,-0.8815885164919353,1.2578053776887077,0.935374319195132
26,54039,-0.5588038060435929,0.4328555887633043,-1.16523571071349,-0.8084326938092439,-1.0875881868095294,1.1004042388169857,0.3268697856320041,1.3799026947724389,-0.3919806022969805,-1.0398605293317464,1.224660061928063,-0.8815885164919353,1.2501676459663642,1.0797223662983102
20,54088,-0.6090349448326338,0.6154384118224583,-1.16523571071349,-0.8084326938092439,-1.006249394780559,1.4119643916019111,0.04663588515293832,1.3799026947724389,-0.4267429582249666,-1.216531724122738,1.7126129047295893,-0.8815885164919353,0.9972274316356028,0.9716751895773974
8,54132,-0.9254491356560192,-0.01369655694748382,-0.03865704939866089,0.5139570403447918,-1.0109425013268372,0.6125630904935435,1.06818057449515,0.6391302715657124,-0.4664713649998079,-1.2753799590441257,0.9164708823079688,-0.6900479889139215,0.9285000742355828,-0.9103625602278635
3,54177,-1.9195824250547435,-0.5699117645314851,-1.16523571071349,-0.8084326938092439,-0.9586270349859544,1.2938562639034663,1.2583492840402228,0.7155927515634092,-0.4863355683872285,-1.366097605307521,2.23299026962775,-0.8815885164919353,0.8090348174090187,1.6717265609388925
13,54655,1.6976962716521689,1.3643415775621974,-1.16523571071349,-0.8084326938092439,-0.9380346462903848,1.5440010592877202,-1.3927201479596167,1.479586592517902,-0.4863355683872285,-0.9358462370507588,0.27917205307889076,-0.8815885164919353,1.2574309359084417,1.08316402512327
5,54720,0.3894494989983715,1.804981353314386,-1.16523571071349,-0.8084326938092439,-1.0617477116745528,1.6903287497514825,-1.988576864188498,1.0232337604520954,-0.4863355683872285,-0.4603575300570613,-0.17516822824456976,-0.8815885164919353,1.072779378045653,0.8043369419126238
24,L380.1,-0.00844447469144925,0.5839904878489447,0.9182267863064904,1.4539891247055128,0.24875064164137217,-2.0728212381143205,0.5022073080288044,-1.1588207468649556,1.1375630585344092,0.35710285505921935,0.35534373561708543,-0.8815885164919353,0.25832691426412285,0.23973531323218425
27,L380.10,0.3894494989983715,1.858881120894736,0.9601483896423236,1.605704541682737,-0.6886907071808012,-0.7070814040110913,0.34643461760441774,-0.2094353233701753,-0.4863355683872285,0.9687709632462296,-0.5992114124103869,-0.8815885164919353,-0.8459759439001773,-0.5557133357915751
11,L380.13,1.7648372265048409,1.6523655496959064,1.0043328904401243,1.4171719673328391,-0.6986983330853946,-0.6895423496023331,0.20898697876250627,-0.8875023815998646,-0.377082449756415,1.5144565322313217,-1.5908718096579837,0.7008689427322319,-0.8679950619166391,-0.3095998190981372
34,L380.14,-0.6893954043207691,-1.833406679001229,-0.24340879416312697,1.557031984036205,-0.6757765901760253,-1.224365580974354,0.6135276930345916,-1.7115111265769871,-0.2827274836661669,1.1981380280894345,-1.8330251517648943,-0.8815885164919353,0.9791876376139532,0.5839396700043065
41,L380.2,-0.4528181920181872,0.5243485370727022,1.1083970618226249,-0.8084326938092439,0.23818721367038964,0.6378248256373794,-0.3433507409001587,1.3035659240328483,-0.47143741584666304,-1.3516673513780355,0.4191985392191091,-0.8815885164919353,-0.06694829776200865,-0.973836373769606
14,L380.3,0.6359912163101618,0.2661712973016163,0.881902705286632,-0.8084326938092439,0.2363288955849185,-1.2561485980776466,-0.19960213579383335,-0.3645940488721861,-0.2827274836661669,0.2980976111648738,0.27190330671298313,-0.8815885164919353,-0.4675407509405268,-1.7286117459288215
39,L380.4,0.8735099797807122,-0.38255853362727993,-1.16523571071349,-0.8084326938092439,1.0382926881422536,-0.7102732300716275,-0.6132453773623888,-0.8562974054666935,-0.17844041588220858,0.8057485003237507,-1.44128362688915,-0.8815885164919353,-1.4432432767091972,-1.412762055216679
23,L380.5,1.4025537837534965,0.0472272239574344,-0.4288029105966559,0.2911451760544704,-0.6721998257209357,-2.0728212381143205,0.34627836887129665,0.3469818456371885,-0.4188284547112815,0.4261536335087828,-0.6385131285778777,-0.8815885164919353,0.45156136351953935,0.3703782040781129
30,L380.6,0.8555488111762812,0.13524156806876758,0.8680378186372246,1.2180404556546074,-0.7313126477173336,-0.6594998013365292,0.2686854564010229,-1.054445264343883,-0.31748983959415306,1.0743334088861636,-1.352794206769692,0.3541206800154976,-0.29522906863103376,0.394779251899157
36,L380.8,0.3894494989983715,0.7349526692908369,0.36693122099374176,1.4164663844998415,-0.6925865435658052,-0.7785852507084187,0.17581635021168926,0.09680120851286957,-0.1188478057199466,0.9228401189551668,-0.30512751657913256,-0.8815885164919353,0.7703985466844044,-1.3152208664686025
